3001;CLIENTES VARIOS (SC)
3002;CAJA DE SALUD DE CAMINOS Y R.A. (SC)
3003;FARMACIA GUADALUPE (SC)
3004;FARMACIA EL RENUEVO (SC)  ANTES C.S.SAN MARTIN DE PORRES
3005;MARIE STOPES BOLIVIA (SC)
3006;CLINICA DE LA CRUZ (SC)
3007;FARMACIA JAFETH (ANTES VALERIANO) (SC)
3008;CLINICA SANTA TERESA (SC)
3009;FARMACIA GUZMAN (SC)
3010;FARMACIA ISMARI (LA BELGICA)
3011;FARMACIA 14 DE SEPTIEMBRE (SC) SIN NOMBRE
3012;FARMACIA 16 DE MAYO (SC)
3013;FARMACIA SANTA CLARA DE ASIS (SC)
3014;FARMACIA 20 DE ABRIL (SC)
3015;FARMACIA 22 DE ENERO (SC)
3016;FARMACIA 24 DE SEPTIEMBRE (SC)
3017;FARMACIA 27 DE MAYO (SC)
3018;FARMACIA 4 DE MARZO (SC)
3019;FARMACIA 4 DE NOVIEMBRE (SC)
3020;FARMACIA 7 CALLES (SC)
3021;FARMACIA PHARMACENTRO (SC)
3022;FARMACIA ABC (SC)
3023;FARMACIA ADELA (SC)
3024;FARMACIA AG (SC)
3025;FARMACIA AGAPE (SC)
3026;FARMACIA ALEMANA (SC)
3027;FARMACIA MARITA (SC)
3028;FARMACIA ALVAREZ (SC)
3029;FARMACIA AMOR DE CRISTO (SC) 
3030;FARMACIA ANABEL (SC) SIN NOMBRE
3031;FARMACIA ANDY (SC)
3032;FARMACIA ANGELA (SC)
3033;FARMACIA ARABE (SC)
3034;FARMACIA ARGBOL (SC)
3035;FARMACIA ARGENTINA (SC) SIN NOMBRE
3036;FARMACIA ARIES (SC) SIN NOMBRE
3037;FARMACIA ATENAS (SC) SIN NOMBRE
3038;FARMACIA BARRETO (SC) SIN NOMBRE
3039;FARMACIA BAUTISTA (SC)
3040;FARMACIA BELEN (SC)
3041;FARMACIA BELLO FARMA (SC)
3042;FARMACIA BENIANA (SC) SIN NOMBRE
3043;FARMACIA BERNA  (SC)
3044;FARMACIA ESPERANZA(SC)
3045;FARMACIA BOLIVIANA (SC) SIN NOMBRE
3046;FARMACIA HEBRON  (SC) ANTES NVA. BRASIL
3047;FARMACIA BUENA SALUD (SC)
3048;FARMACIA BUENAS NUEVAS (SC)
3049;FARMACIA BUENOS AIRES (SC)
3050;FARMACIA CALDERON (SC) SIN NOMBRE
3051;FARMACIA CAMARGO (SC)
3052;FARMACIA CAMIRI (SC)
3053;FARMACIA CA—OTO (SC)
3054;FARMACIA CENTENARIO (SC)
3055;FARMACIA SANTA CRUZ CENTRAL (SC)
3056;FARMACIA CENTRO DE SALUD IGLESIA CATOLICA (SC) SIN NOMBRE
3057;FARMACIA CERVANTES (SC) SIN NOMBRE
3058;FARMACIA CHAVEZ S.A.
3059;FARMACIA TUPIZA L (SC) ANTES RODRIGUEZ
3060;FARMACIA CHICHINA (SC)
3061;FARMACIA CLAUDIA (SC) SIN NOMBRE
3062;FARMACIA COLON (SC)
3063;FARMACIA CONCEPCION (SC)
3064;FARMACIA CONTINENTE (SC) EX CONTINENTAL
3065;FARMACIA COPACABANA (SC) SIN NOMBRE
3066;FARMACIA CORDOVA (SC) SIN NOMBRE
3067;FARMACIA CORPUS CRISTI (SC)
3068;FARMACIA COSMOS (SC) SIN NOMBRE
3069;FARMACIA CRISTAL (SC)
3070;FARMACIA MARIA AUXILIADORA SUC-2 (SC)
3071;FARMACIA CRISTO DE LA CONCORDIA (SC)
3072;FARMACIA REY DE REYES (SC)
3073;FARMACIA CRUCE—A (SC)
3074;FARMACIA DE JESUS (SC)
3075;FARMACIA DIANA (SC)
3076;FARMACIA DIVINO NI—O (SC)
3077;FARMACIA DOMINGO SAVIO (SC) SIN NOMBRE
3078;FARMACIA DORA (SC)
3079;FARMACIA DURAN (SC) SIN NOMBRE
3080;FARMACIA LAS PALMAS (EX. EBENEZER) (SC) SIN NOMBRE
3081;FARMACIA EDMY (SC)
3082;FARMACIA S.A. (EX.EGUEZ) (SC)
3083;FARMACIA EL BUEN PASTOR (SC)
3084;FARMACIA PEDRO JESUS (MONTERO)
3085;FARMACIA EL MILAGRO (SC)
3086;FARMACIA EL PARAISO (SC)
3088;FARMACIA ELANI (SC) SIN NOMBRE
3089;FARMACIA ELIZABETH (SC)
3090;FARMACIA IVISHA (EX.ESPAÒA) (SC)
3091;FARMACIA ESQUIA (SC) SIN NOMBRE
3092;FARMACIA ESTHER (SC)
3093;FARMACIA ESTRELLA  (SC)
3094;FARMACIA MEDFARMA (SC) EX. FCIA. ESTRELLA ROJA
3095;FARMACIA MULTIFARMA (SC) SIN NOMBRE
3096;FARMACIA FARMACAR (SC)
3097;FARMACIA FARMACRUZ  (SC)
3098;FARMACIA FARMADERM (SC)
3099;FARMACIA FARMANOVA (SC) SIN NOMBRE
3100;FARMACIA FLORES (SC) SIN NOMBRE
3101;FARMACIA EL GALENO (SC)
3102;FARMACIA GEMINIS (SC)
3103;FARMACIA GONZALES (SC) SIN NOMBRE
3104;FARMACIA GRAN PODER (SC)
3105;FARMACIA GRIGOTA (SC) SIN NOMBRE
3106;FARMACIA HEIDDY (SC) SIN NOMBRE
3107;FARMACIA HELEN (SC)
3108;FARMACIA HEREDIA (SC) 
3109;FARMACIA HISPANA (SC)
3110;FARMACIA IBARRA (SC)
3111;FARMACIA IMPERIAL (SC) SIN NOMBRE
3112;FARMACIA IRALA (SC)
3113;FARMACIA IRCA (SC)
3114;FARMACIA IRIARTE (SC) sin nombre
3115;FARMACIA ISA (SC)
3116;FARMACIA PILCOMAYO (SC)
3117;FARMACIA SEÒOR DE LOS MILAGROS (SC)
3119;FARMACIA JESSICA (SC)
3120;FARMACIA JESUS DE NAZARETH (SC)
3121;FARMACIA JESUS OBRERO (SC)
3122;FARMACIA PAMPA DE LA ISLA (SC)
3123;FARMACIA JOSE MARIA (SC)
3124;FARMACIA JUAN DE DIOS APOSTOL (SC)
3125;FARMACIA JUAN PABLO II (SC)
3126;FARMACIA JUBILEO (SC) SIN NOMBRE
3127;FARMACIA KENNEDY (SC)
3128;FARMACIA L Y LL (SC)
3129;FARMACIA CUMAVI (SC) EX. RC PHARMATON 
3130;FARMACIA MA & LU (SC)
3131;FARMACIA LA UNION (SC)
3132;FARMACIA LANDIVAR (SC)
3133;FARMACIA LANZA (SC) SIN NOMBRE
3134;FARMACIA LAS MISIONES (SC)
3135;FARMACIA MUTUN (SC)
3136;FARMACIA LAVOISIER (SC)
3137;FARMACIA TIEMPO DE DIOS EX KAIROS (SC)
3138;FARMACIA IMPA (SC)
3139;FARMACIA LIBERTAD (SC)
3140;FARMACIA LILOS (SC) SIN NOMBRE
3141;FARMACIA CALCINA (SC) EX LINEA Y SALUD 
3142;FARMACIA LORENA (SC) SIN NOMBRE
3143;FARMACIA LOS MANGALES (SC)
3144;FARMACIA MARQUINA (SC)
3145;GRUVID GRUPO MEDICO VIDA CLINICA PLAN 3000 (SC)
3146;FARMACIA LUZ DE SAN ANTONIO (SC)
3147;FARMACIA ASUNTA (SC) SIN NOMBRE
3148;FARMACIA LUZ DE VIDA (SC)
3149;FARMACIA MABEL (SC) SIN NOMBRE
3150;FARMACIA MADRID (SC) 
3152;FARMACIA MARIA DE LOS ANGELES (SC) 
3153;FARMACIA MARIA DEL CARMEN (SC) SIN Nombre
3154;FARMACIA KAREN(SC)
3155;FARMACIA MARLY (SC)
3156;FARMACIA MEDIFARMA (SC)
3157;FARMACIA MELENDRES (SC)
3158;FARMACIA DAIANA CECILIA (SC)
3159;FARMACIA MIOLET (SC)
3160;FARMACIA MIRAFLORES (SC)
3161;FARMACIA BIMODAL (SC)  EX FARMACIA MODERNA 2 
3162;FARMACIA NUEVA AMERICA (SC)
3163;FARMACIA MORAGRANDE  (SC)
3164;FARMACIA MOSCU (SC) SIN NOMBRE
3165;FARMACIA MUTUALISTA (SC)
3166;FARMACIA NACIONAL (SC)
3167;FARMACIA NARDY (SC) SIN NOMBRE
3168;FARMACIA NATALIA (SC)
3169;FARMACIA NATUDERM (SC)
3170;FARMACIA NAZARET (SC)
3171;FARMACIA NI—O DE PRAGA (SC) SIN NOMBRE
3172;CLINICA NI—O JESUS (SC)
3173;FARMACIA NOHELIA (SC) T-KURA
3174;FARMACIA NORLAVI (SC) 
3175;FARMACIA LAZARETO (SC) SIN NOMBRE
3176;FARMACIA NUEVA JERUSALEN (SC) SIN NOMBRE
3177;FARMACIA NUEVO MUNDO (SC)
3178;FARMACIA OKINAWA SRL (SC)
3179;FARMACIA ORIENTAL (SC) SIN NOMBRE
3180;FARMACIA ORION (SC)
3181;FARMACIA ORTIZ (SC) SIN NOMBRE
3182;FARMACIA PALO SANTO (SC)
3183;FARMACIA PANAMERICANA (SC)
3184;FARMACIA PAOLA (SC)
3185;FARMACIA PASTEUR (SC)
3186;FARMACIA PATRICIA (SC)
3187;FARMACIA PENIEL (SC) SIN NOMBRE
3188;FARMACIA LA PERLA (SC)
3189;FARMACIA PETROLERA (SC)
3190;FARMACIA PHARMA MEDICAL CENTER (SC)
3191;FARMACIA PIRAI (SC)
3192;FARMACIAS PLAZA S.R.L.
3193;FARMACIA PLENITUDE (SC)
3194;FARMACIA POMPEYA (SC) SIN NOMBRE
3195;FARMACIA PROGRESO (SC)
3196;FARMACIA PROVIDENCIA (SC)
3197;FARMACIA QUIJARRO (SC)
3198;FARMACIA RIO DE ORO (SC) sin nombre
3199;FARMACIA ROBERT II (SC)
3200;FARMACIA ROBERT (SC)
3201;FARMACIA NACIFF (EX FARMACIA FENIX) 
3202;CLUB DEPORTIVO SOCIO CULTURAL GUABIRA (MONTERO)
3203;FARMACIA RONY (SC) SIN NOMBRE
3204;FARMACIA ROSARIO DE NAZARETH (SC)
3205;FARMACIA ROXANA SUC.1 (SC)SIN NOMBRE
3206;FARMACIA ROXANA CENTRAL (SC) SIN NOMBRE
3207;FARMACIA RUVI (SC)
3209;FARMACIA SALUD Y VIGOR (SC) SIN NOMBRE
3210;FARMACIA SAN AGUSTIN (SC)
3211;FARMACIA SAN ANDRES (SC)
3212;FARMACIA SAN ELIAS   (SC)
3213;FARMACIA KARLITA (SC) SIN NOMBRE
3214;FARMACIA SAN GERARDO (SC)
3215;FARMACIA SAN ISIDRO (SC) SIN NOMBRE
3216;FARMACIA SAN JOAQUIN (SC)
3217;FARMACIA SAN JUDAS TADEO (SC)SIN NOMBRE
3218;FARMACIA SAN LUIS (SC)
3219;FARMACIA SAN MARTIN DE PORREZ (SC)
3220;FARMACIA SAN MATIAS (SC)
3221;FARMACIA SAN MIGUEL (SC) SIN NOMBRE
3222;FARMACIA SP LTDA. EX  SAN PABLO (SC)
3223;FARMACIA SAN PEDRO (SC)
3224;FARMACIA MARIA NAZARETH (SC)
3225;FARMACIA SAN RAFAEL (SC)
3226;FARMACIA SAN ROQUE (SC)
3227;FARMACIA MATTHEW-MEDIC (EX.SAN SEBASTIAN - DADRIEL) (SC)
3228;FARMACIA SAN SIMON (SC)
3229;FARMACIA SANANDITA (SC)
3230;FARMACIA SANIDAD (SC) SIN NOMBRE
3231;FARMACIA SANTA ANA LTDA. (SC)
3232;FARMACIA SANTA BARBARA (SC) SIN NOMBRE
3233;FARMACIA SANTA CATARINA (SC) SIN NOMBRE
3234;FARMACIA SANTA CECILIA (SC)
3235;FARMACIA SANTA ISABEL (SC)
3236;FARMACIA SANTA MARIA (SC) URUGUAY
3237;FARMACIA SANTA MARTHA (SC)
3238;FARMACIA SANTA ROSA DE LIMA (SC)
3239;FARMACIA SANTO DOMINGO (SC)
3240;FARMACIA SANTO ROSARIO-KETAL SUR (SC)
3241;FARMACIA LOS GONZALEZ (SC) FARMACIA  EX. SEJAS (SC)
3242;FARMACIA SE—OR DE LA MISION (SC)
3243;FARMACIA SE—OR DE LUREN (SC)
3244;FARMACIA PUNJAB (SC)
3245;FARMACIA SE—OR DE MAYO (SC)
3246;FARMACIA SE—OR DE ROMASA (SC)
3247;FARMACIA SE—OR JUSTO JUEZ (SC)
3248;FARMACIA SERJUS (SC)
3249;FARMACIA SHADIA (SC) SIN NOMBRE
3250;FARMACIA SHIMOJI (SC)
3251;FARMACIA SILES (SC) SIN NOMBRE
3252;FARMACIA SILVANA (SC)
3254;FARMACIA SOFIA (SC)
3255;GOBIERNO AUTONOMO MUNICIPAL DE EL TORNO
3256;FARMACIA STEFANI  (SC) SIN NOMBRE
3257;FARMACIA FARMA STORE (SC)
3258;FARMACIA TADAV (SC)
3259;FARMACIA TARIJA (SC)
3260;FARMACIA TELCHI (SC) 
3261;FARMACIA TERESA DE CALCUTA (SC)
3262;FARMACIA TIERRA SANTA (SC)
3263;FARMACIA TREBOL DE ORO (SC)
3264;FARMACIA TRINIDAD (SC)
3265;FARMACIA TROPICAL CENTRAL (SC) 
3266;FARMACIA UCEBOL (SC)
3267;FARMACIA UNION (SC)
3268;FARMACIA VALERIA (SC) 
3269;FARMACIA VIANEY (SC)
3270;FARMACIA VIDA NUEVA (SC)
3271;FARMACIA VIDA VITAL (SC)
3272;FARMACIA VIRGEN DE CHAGUAYA (SC)  CODIGO DUPLICADO
3273;FARMACIA VIRGEN DE FATIMA (SC) SIN NOMBRE
3274;FARMACIA VIRGEN DE LORETO (SC) SIN NOMBRE
3275;HOSPITAL VIRGEN MILAGROSA (SC)
3276;FARMACIA VIRGINIA (SC)
3277;FARMACIA VITAL (SC) SIN NOMBRE
3278;FARMACIA BOTICA SAN JOSE (LA GUARDIA)
3279;FARMACIA JESCY (SC)
3280;FARMACIA ZEBALLOS (SC)
3281;FARMACIA ZULMI DRA. FLAVIA RUTH GUZMAN (SC)
3282;FARMACIA TIERRAS NUEVAS (SC)
3283;CADENA DE FARMACIAS UNIDAS
3284;FARMACORP S.A.
3285;FARMACIA SANTA ELENA ( EX.YOTAU) (SC)
3286;CLUB DE LEONES CENTRO (SC)
3287;KOLPING (SC)
3288;PROSALUD (SC)
3289;SEGURO SOCIAL UNIVERSITARIO (SC)
3290;GRUMEDSO (SC)
3291;CLINICA SAAVEDRA (SC)
3292;FARMACIA ABRAHAM (SC) SIN NOMBRE
3293;FARMACIA EL BARATILLO (SC)
3294;FARMACIA NORTE (SC) SIN NOMBRE
3295;FARMACIA JASSID (SC)
3296;FARMACIA SAMUEL (EL TORNO)
3297;FARMACIA RUSIA (SC)
3298;FARMACIA MARIDEY (SC)
3299;FARMACIA INTEGRAL (SC) SIN NOMBRE
3300;FARMACIA SAN DIEGO   (SC)
3301;FARMACIA RIVERO (SC)
3302;FARMACIA LADIT (SC)
3303;FARMACIA JJ RAFA (SC) EX. FCIA. ALINA (SC)
3304;FARMACIA ROCA ETERNA (SC)
3305;FARMACIA MILAN (SC) SIN NOMBRE
3306;FARMACIA 18 DE MARZO (SC)
3308;CAJA DE SALUD DE LA BANCA PRIVADA (SC)
3309;FARMACIA SE—ORA DE LAS NIEVES (SC) SIN NOMBRE
3310;FARMACIA ALEXANDRA (SC) SIN NOMBRE
3311;FARMACIA MERCURIO (SC)
3312;FARMACIA LU LU (SC)
3313;FARMACIA 14 DE OCTUBRE (SC)
3314;FARMACIA AUXILIADORA CENTRAL (SC)
3315;FARMACIA DHF (SC)
3316;FARMACIA NI—O SALVADOR  (SC)
3317;FARMACIA FRANCO (SC)
3318;FARMACIA PRISCILA (SC)
3319;FARMACIA CESPEDES (SC) EX FARMACIA MARIA SILVANA SIN NOMBRE
3320;FARMACIA DENISSE (SC)
3321;FARMACIA DIVINA GRACIA  (SC)
3322;FARMACIA CREDIFARMA (SC) SIN NOMBRE
3323;FARMACIA MORENO (SC) FARMACIA CERRADA
3324;FARMACIA BIO ESPERANZA (SC)
3325;FARMACIA MOISES (SC)
3326;FARMACIA LUANA (SC)
3327;FARMACIA ISRAEL (SC)
3328;FARMACIA ENLACE (EX.CHUQUISACA) (SC)
3329;FARMACIA DIVINO NI—O JESUS (SC) SIN NOMBRE
3330;FARMACIA MR. AHORRO (SC) SIN NOMBRE
3331;FARMACIA PUERTO RICO (SC) SIN NOMBRE
3332;FARMACIA AIDA (SC) SIN NOMBRE
3333;FARMACIA AC (SC)
3334;FARMACIA 4 DE SEPTIEMBRE  (SC) SIN NOMBRE
3335;FARMACIA L.CH. (SC) EX FARMACIA LOS OLIVOS (SC)
3336;FARMACIA MARIA BELEN O TORRICO (SC) SIN NOMBRE
3337;FARMACIA BIOFARMA (SC)
3338;FARMACIA 24 DE OCTUBRE (SC)
3339;FARMACIA EYMAR (SC) SIN NOMBRE
3340;CIES (SC)
3341;FARMACIA VIDA Y SALUD  (SC)
3342;FARMACIA DEL AHORRO (SC)
3343;PROMED S.R.L. (SC)
3344;FARMACIA PRO VIDA (SC)
3345;FARMACIA YALE (SC)
3346;FARMACIA SHARON (SC)
3347;FARMACIA LABOFAR VERA (SC)
3348;FARMACIA KEVIN  (SC)
3349;FARMACIA MONIC (SC)
3350;FARMACIA ENCINAS (SC)
3351;FARMACIA ROSEMAYER (SC)
3352;FARMACIA CAROLAY (SC)
3353;FARMACIA SANTO DOMINGO DE GUZMAN (SC) SIN NOMBRE
3354;PASOC (SC)
3355;FARMACIA LOS JARDINES (SC) SIN NOMBRE
3356;FARMACIA PAGUE MENOS(SC)
3357;FARMACIA PLAN 3 MIL (SC)
3358;FARMACIA FARMA PLUS (SC)
3359;FARMACIA PAURITO (SC)
3360;FARMACIA YACUIBA (SC)
3361;FARMACIA NUEVO PALMAR (SC)
3362;HOSPITAL HERNANDEZ VERA (SC)
3363;FARMACIA PLAN 4000 (SC) EX. BOTICA ANA BAUTISTA (SC)
3364;FARMACIA MOSHIR (SC)
3365;FARMACIA MARIELA (SC)
3366;FARMACIA MEGAFARMA (SC)
3367;FARMACIA ALEJANDRITA (SC) SIN NOMBRE
3368;FARMACIA CACERES (SC)
3369;FARMACIA RENASOL (EX.VIRGEN DE LUJAN) (SC) SIN NOMBRE
3370;FARMACIA TRES HERMANAS (SC) SIN NOMBRE
3371;FARMACIA SAN GREGORIO (SC) SIN NOMBRE
3372;FARMABETICA DIABETES & NUTRICION S.R.L. (SC)
3373;FARMACIA FARMAGAR (SC)  
3374;FARMACIA MAXIFARMA (SC) SIN NOMBRE
3375;FARMACIA SE—OR DE MAICA (SC)
3376;FARMACIA SE—OR SANTIAGO (SC)
3377;FARMACIA NAVA (SC)
3378;FARMACIA RIO DE VIDA (SC)
3379;FARMACIA ATENEA (SC)
3380;FARMACIA SANATODO (EX. MEDITODO) (SC)
3381;COSALUD S.R.L. (SC)
3382;FARMACIA MERCURY (SC)
3383;MISION DE ESPERANZA BOLIVIA (SC)
3384;FARMACIA 30 DE JULIO (SC)
3385;FARMACIA LEO  (SC) SIN NOMBRE
3386;FARMACIA BENDITO REMEDIO (SC)
3387;FARMACIA DIVINO DIEGO (SC) SIN NOMBRE
3388;FARMACIA DIVINA  (SC) SIN NOMBRE
3389;DR. REIMAR PE—ARRIETA (SC)
3390;FARMACIA VIRGEN PURISIMA (SC)
3391;FARMACIA SHEKINAH (SC)
3392;FARMACIA LITZY (SC)
3393;FARMACIA ROCI (SC)
3394;FARMACIA UPCORP (SC)
3395;DR. FREDDY LOPEZ QUIROGA (SC) FARMACIA CRISTO REY
3396;DRA. ROSARIO CHOQUETILLA (SC)
3397;FARMACIA ECOFARMA (SC)
3398;FARMACIA VITAL FARMA (WARNES)
3399;FARMACIA MIRANDA (SC)
3400;HOSPITAL SAN JUAN DE DIOS
3401;FARMACIA SELVA (SC)
3402;FARMACIA KATERINE (EX.VIRGEN MARIA )(SC)
3403;FARMACIA SUR (SC)
3404;FARMACIA ERNESTO (SC) 
3405;DR. ROY EGUEZ (SC)
3406;FARMACIA TORREZ (SC)
3407;FARMACIA YLENIA (SC) SIN NOMBRE
3408;FARMACIA GARZON (SC)
3410;FARMACIA SAN MIGUEL ARCANGEL (SC)
3411;FARMACIA AGUA VIVA (SC)
3412;FARMACIA FARMADENT MIRIAM (SC) SIN NOMBRE
3413;FARMACIA MARBAL (SC)
3414;IMPROLAB S.R.L.(SC)
3415;FARMACIA TU FARMACIA (SC)
3416;FARMACIA ARNEZ (SC)
3417;CLINICA SIRANI (SC)
3418;FARMACIA DUNAMIS (SC)
3420;FARMACIA BEKY (SATELITE)
3421;FARMACIA MADRE TERESA (SC)
3422;FARMACIA 16 DE MARZO (SC)
3423;FARMACIA RUTH (SC)
3424;FARMACIA LAZARO  (SC)
3426;FARMACIA ELDY (SC) SIN NOMBRE
3427;FARMACIA YARIN (SC)
3428;FARMACIA CLARI (SC)
3429;FARMACIA NATURAL LIFE (SC)
3430;FARMACIA ARON (SC)
3431;FARMACIA FARMAPLAN (SC)
3432;CLINICA URBARI (SC)
3433;CORPORACION BOLIVIANA DE FARMACIAS S.A.
3434;FARMACIA GUVI (SC)
3435;FARMACIA MARY (SC) SIN NOMBRE
3436;FARMACIA FARMASOF (SC) 
3437;FARMACIA SANTA CRUZ DE LA SIERRA  (SC)
3438;FARMACIA DAYANA (SC)
3439;FARMACIA ELOHIM (SC) EX. FCIA. VIRGEN DE LA GRUTA
3440;FARMACIA EVA MARIA (SC)
3441;FARMACIA MERY (SC)
3442;SINEC (SC)
3443;FARMACIA MARIA FERNANDA  (SC)
3444;FARMACIA FARMATODO (SC)
3445;FARMACIA ALMANZA (SC)
3446;FARMACIA GAIA (SC)
3447;FARMACIA PURA VIDA (SC) (CENTRO MEDICO)
3448;CADENA DE FARMACIAS FARMA UNION
3449;CLINICA CRISTIANA EL BUEN SAMARITANO (SC)
3450;FARMACIA LA MORITA (SC)
3451;FARMACIA LUZ DE JEHOVA (SC) SIN NOMBRE
3452;FARMACIA SANTA ELIZA (SC)
3453;FARMACIA B & V (LA GUARDIA)
3454;FARMACIA DAVID (SC)
3455;FARMACIA HENROSFARMA (EX.FARMATODO VIRGEN DEL CARMEN) (SC)
3456;FARMACIA LOS JAZMINES (SC)
3457;FARMACIA ARCE (SC)
3458;FARMACIA 25 DE AGOSTO (SC)
3459;FARMACIA MILAGROSO NI—O JESUS (SC)
3460;FARMACIA HAGAY (EX. BEREA) (SC)
3461;FARMACIA CAMILA (SC) SIN NOMBRE
3462;DRA. CARMEN SAAVEDRA CONDORI (MINERO)
3463;CLINICA INCOR - INCORFARMA (SC)
3464;FARMACIA PORTACHUELO (SC)
3465;FARMACIA ELYT (SC)
3466;FARMACIA MELY (EX.SANTA CRUZ DEL ORIENTE )(SC)
3467;FARMACIA DIVINO JESUS (SC)
3469;FARMACIA MARINA (SC) SIN NOMBRE
3470;DAMAS VOLUNTARIAS SANTA CRUZ DAVOSAN (SC)
3471;ESTRATEGICA G & G INTERNATIONAL BUSINESS (SC)
3472;FARMACIA TATA MALTA (SC)
3473;FARMACIA CLELID (SC)
3474;FARMACIA BETHESDA (SC)
3475;HOSPITAL MUNICIPAL FRANCES (SC)
3476;FARMACIA HOSANNA (SC) FARMACIA VIRGEN DE LOURDES (SC)
3477;FARMACIA 16 DE ABRIL (EX.E&R SANDRA) (SC)
3478;FARMACIA E&R (SC)
3479;FARMACIA K Y D FARMA (SC)
3480;FARMACIA TESAI (SC)
3481;FARMACIA BIO TOTAL (SC) SIN NOMBRE
3482;FARMACIA DANIRA (SC)
3483;FARMACIA PHARMABOL  (SC)
3484;FARMACIA YOLY (EL TORNO)
3485;FARMACIA TERRACOR (SC) SIN NOMBRE
3486;FARMACIA WARA (SC) SIN NOMBRE
3487;FARMACIAS HIPERMAXI S.A.
3488;FARMACIA SE—OR DE SAN ANTONIO (SC)
3489;FARMACIA LENY (SC)
3490;FARMACIA FARMA RENAL SRL. (SC)
3491;FARMACIA PADILLA (SC)
3492;FARMACIA PURA VIDA (SC)
3493;FARMACIA HEBRON (SC) FARMACIA CERRADA
3494;CAJA PETROLERA DE SALUD (SC)
3495;FARMACIA VEIZAGA (SC)
3496;FARMACIA PHARMA MED    (SC)
3497;FARMACIA CARMEN (SC)
3498;FARMACIA INTERFARMA (SC)
3499;DR. NESTOR VILLEGAS (SC)
3500;FARMACIA J. SHALOM (SC)
3501;FARMACIA ZACONETA (SC)
3502;FARMACIA ROCIO (SC)
3503;FARMACIA VIRGEN DEL ROSARIO (SC)
3504;DRA. YUSELY DANITZA PEREZ (SC)
3505;DRA. SONIA SEMPERTEGUI (SC)
3506;DR. JORGE ESCALANTE (SC)
3507;FARMACIA RAMIREZ (SC)
3508;FARMACIA SAN PEDRO SAN PABLO (SC) SIN NOMBRE
3509;FARMACIA ROSALIZ (SC)
3510;DR. JORGE TORRICO (SC) (CENTRO MEDICO SUM) SIN NOMBRE
3511;CLINICA TORREZ (SC)
3512;DR. JUAN CARLOS CASTILLO (SC)
3513;FARMACIA FARMASOL  (SC)
3514;FARMACIA CONVIFAG (SC)
3515;FARMACIA MARBELLA (SC)
3516;FARMACIA ALINE (SC) EX. FCIA. XCLUSIVA  (SC)
3517;FARMACIA ALMUDENA (SC)
3518;FARMACIA GRISELDA (SC) SIN NOMBRE
3519;FARMACIA ARBOL DE VIDA (SC)
3520;CENTRO DE MADICINA QUIROPRACTICO (SC)
3521;FARMACIA BLANCA (SC) SIN NOMBRE
3522;FARMACIA VEGA (SC)
3523;CONSULTORIO MEDICO SANTA CATALINA (SC)
3524;FARMACIA  FARMASSIEL (SC) SIN NOMBRE
3525;FARMACIA JESSI  (SC)
3526;FARMACIA CRISTIANA (SC)
3527;FARMACIA NATHANAEL EX. FARMACIA  JAZIEL (SC)
3528;FARMACIA ROBORE (SC)
3529;FARMACIA DALCY (SC)
3530;FARMACIA ETICA (SC)
3531;CENTRO MEDICO MANANTIAL (SC) FARMACIA BETHESDA SIN NOMBRE
3532;FARMACIA ABRIL (SC)
3533;FARMACIA CLAUDINA THEBENET /RICARDO(SC)
3534;FARMACIA PATI—O (SC)
3535;CLINICA DEL HIGADO (SC)
3536;FARMACIA MEDIPIEL SRL. (SC)
3537;FARMACIA ALTAPHARMA (SC)
3539;FARMACIA C & L (SC) SIN NOMBRE
3540;FARMACIA FARMAGLEN (EX. SALUD Y VIGOR SUC.1 (SC)
3541;DR. ROLANDO EGUEZ PARADA (SC)
3542;FARMACIA LA MADRE (SC)
3543;FARMACIA IBL (SC)
3544;FARMACIA MARIA AUXILIADORA SUC-1 (SC)
3545;FARMACIA CANITO (MONTERO)
3546;INSTITUTO MUNICIPAL MATERNOLOGICO DR. PERCY BOLAND (SC)
3547;FARMACIA BARUCH (SC)
3548;FARMACIA SANTELICES (SC)
3549;FARMACIA FABIO (SC) SIN NOMBRE
3550;FARMACIA SANITOS (SC)
3551;FARMACIA CECI (SC)
3552;FARMACIA EDUARDO (SC)
3553;FARMACIA MISKY-SHIMNY (SC)
3554;FARMACIA VIDA SANA (SC)
3555;FARMACIA FARMA LUZ (SC)
3556;FARMACIA MARIAN (SC)
3557;FARMACIA BRIGHIT (SC)
3558;FARMACIA LA ROSA DE GUADALUPE (SC)  ZONA 19 
3559;FARMACIA DIVINO MAESTRO (SC)
3560;FARMACIA SANTA MARIA URUGUAY SUC. NORTE (SC)
3561;DIMECRUZ (SC)
3562;FARMACIA REPUBLIQUETAS (SC)
3563;FARMACIA SAGRADA FAMILIA (SC)
3564;FARMACIA BENJAMIN (SC) SIN NOMBRE
3565;FARMACIA FRANCESA SUR (SC)
3566;FARMACIA 21 DE SEPTIEMBRE (SC)
3567;FARMACIA JANCO (SC)
3568;FARMACIA TIERRA HERMOSA (EX. SANTA SUC--1) (SC) SIN NOMBRE
3569;FARMACIA AL&R (SC)
3570;FARMACIA ZUES (SC)
3571;FARMACIA FARMAMEDIC A & R (SC)
3572;FARMACIA MORALES (SC)
3573;FARMACIA BIO GRACIEL (SC)
3574;FARMACIA FARMA STORE ORIENTAL (SC)
3575;FARMACIA JULIANA (SC) SIN NOMBRE
3576;FARMACIA OLGA LIDIA (EX. EL NAZARENO) (SC)
3577;FARMACIA BIO SALUD (SC)
3578;FARMACIA TBS FARMA (EX.DIVINO NI—O JESUS SUC.I) (SC)
3579;FARMACIA DE LA SIERRA (SC)
3580;FARMACIA FEMAJUB (SC)
3581;FARMACIA MARIA ROSA (SC)
3582;FARMACIA ELBA (SC)
3583;FARMACIA ALEJANDRITA SUC. II (SC)
3584;FARMACIA LA GLORIETA (SC)
3585;FARMACIA FARMA MUNDO (SC) SIN NOMBRE
3586;FARMACIA CIELO (SC)
3587;FARMACIA STAR BIEN  (SC)
3588;FARMACIA ERIKA (SC)
3589;FARMACIA JEHOVA NISI (SC)
3590;FARMACIA YSABEL (SC) EX FARMACIA CANAAN (SC)
3591;FARMACIA LEON  (SC) FARMACIA CERRADA
3592;FARMACIA BERDEJA (SC)
3593;FARMACIA SOLFARMA (SC) EX FARMACIA FARMABOL (SC)
3594;FARMACIA SAN SANITO (SC)
3595;FARMACIA ADRIAN (SC)
3596;CENTRO INTEGRAL DE SALUD PROFAMILIA C.I.S. (SC)
3597;FARMACIA KIDMAN (CONSULT. MEDICO DR. RONY ROCA) (SC)
3598;FARMACIA SUSAN  (SC)
3599;FARMACIA GINA (SC)
3600;FARMACIA FARMABEL (SC) SIN NOMBRE
3601;FARMACIA PATTY (SC)
3602;FARMACIA FARMAESQUIA (SC)
3604;FARMACIA VICTORIA DEL CARPIO (SC) SIN NOMBRE
3605;FARMACIA FARMAVID (SC)  Antes (Fcia. Salem)
3606;FARMACIA CALIFORNIA (SC)
3607;FARMACIA NAHOMI ARIANE (SC)
3608;FARMACIA VIRGEN LA BELLA (SC)
3609;FARMACIA EL FUERTE (SC)
3610;FARMACIA A—EZ (SC) 
3611;FARMACIA LEFANA (SC)
3612;CADENA DE FARMACIAS VILLA
3613;CADENA DE FARMACIAS ALTO SAN PEDRO
3614;CADENA DE FARMACIAS MUTUALISTA
3615;CADENA DE FARMACIAS 7 CALLES
3616;CADENA DE FARMACIAS NORTE
3617;FARMACIA T & R (EX.TORNADO) (SC)
3618;FARMACIA TAURO (SC)
3619;CADENA DE FARMACIAS PAMPA DE LA ISLA
3620;COTEL LA PAZ LTDA. 
3621;CORPORACION BOLIVIANA DE FARMACIAS SUC. AYACUCHO
3622;FARMACIA GRAN CHACO (SC) SIN NOMBRE
3623;FARMACIA PRIMICIA (SC) SIN NOMBRE
3624;FARMACIA FORONDA (SC) SIN NOMBRE
3625;FARMACIA MAGISTRAL (SC)
3626;FARMACIA ANTOFAGASTA (SC)
3627;FARMACIA PAZ EN LA TORMENTA (SC)
3628;FARMACIA NOSTAS (SC)
3629;FARMACIA VICTORIA (SC)
3630;CADENA DE FARMACIAS FARMA VIDA
3631;FARMACIA URIONA (SC)
3632;FARMACIA 26 DE ENERO (SC)
3633;FARMACIA MANANTIAL (SC)
3634;FARMACIA FARMARED (SC)
3635;FARMACIA ANDREA H & M (SC)
3636;FARMACIA VIRGEN DE LORETO I (SC)
3637;FARMACIA SAM¥S (SC) SIN NOMBRE
3638;FARMACIA 11 DE ENERO (SC)
3639;FARMACIA NORITA (SC) SIN NOMBRE
3640;FARMACIA FARMA LIZ (SC)
3641;FARMACIA CELIMAR (SC)
3642;DIFARTEC (EX.DITECFAR) (SC)
3643;FARMACIA TALITA CUMI (SC)
3644;FARMACIA R & K (SC)
3645;FARMACIA MAGE (SC)
3646;FARMACIA GARCIA CENTRAL (SC)
3647;FARMACIA ENERGIA (LA GUARDIA)
3649;FARMACIA PHARMA TODO (MONTERO)
3651;FARMACIA JESUS NAZARENO (WARNES)
3652;FARMASTORE WARNES (WARNES)
3653;FARMACIA SAN ANTONIO (MONTERO)
3654;FARMACIA EL CRISTO (MONTERO)
3655;FARMACIA MILAGROS EX.CORIA (MONTERO)
3656;FARMACIA MAMI AURA (WARNES)
3657;CONSULTORIO CRUZ DEL SUR (EL TORNO)
3658;FARMACIA ESLYT  (LA GUARDIA)
3659;FARMACIA FARMADERECK (EX.NURIA) (EL TORNO)
3660;FARMACIA URKUPI—A (WARNES)
3661;FARMACIA BRAVO (WARNES)
3662;FARMACIA GETSEMANI (WARNES)
3663;FARMACIA SORIA (SC)
3664;FARMACIA LA BENDICION  (EL TORNO)
3665;FARMACIA SAN PEDRO (MONTERO) SIN NOMBRE
3666;FARMACIA GALINDO (EL TORNO)
3667;FARMACIA LOS ANGELES (MONTERO)
3669;FARMACIA MARIA CABALLERO (MONTERO)
3670;FARMACIA PAZ LIT S.R.L. (EX.EL TORNO) (EL TORNO)
3671;FARMACIA NACIONAL EL TORNO (EL TORNO)
3672;FARMACIA SANTIAGO APOSTOL  (LA GUARDIA)
3673;FARMACIA SENOR DE MALTA (EL TORNO)
3675;FARMACIA GALAAD (SC)
3676;FARMACIA LITORAL (EL TORNO) SIN NOMBRE
3677;FARMACIA DURAND (EL TORNO) 
3678;FARMACIA RUBY PAZ (EL TORNO) Antes Gamaliel
3679;FARMACIA THELMA (EL TORNO)
3680;FARMACIA NAZARET (MONTERO)
3682;FARMACIA 15 DE OCTUBRE (MONTERO)
3683;FARMACIA MARLETH (MONTERO)
3684;FARMACIA SANTIS (LA GUARDIA)
3685;FARMACIA VIOLETA (LA GUARDIA)
3686;FARMACIA LA GUARDIA (LA GUARDIA)
3687;FARMACIA SANTA LUCIA (LA GUARDIA)SIN NOMBRE
3688;GOBIERNO AUTONOMO MUNICIPAL DE LA GUARDIA (LA GUARDIA)
3689;FARMACIA CARIDAD (LA GUARDIA) SIN NOMBRE
3690;FARMACIA EL CRISTO (LA GUARDIA)
3691;FARMACIA FIORELLA (SC)
3692;FARMACIA MARILU (LA GUARDIA)
3694;CENTRO INTEGRAL COMPASION (CDI-BO-326)
3706;FARMACIA JUDITH (SC)
3709;FARMACIA LEA—OS (SC)
3711;FARMACIA ALIVIOFARMA (MONTERO) SIN NOMBRE
3712;FARMACIA SE—OR SANTIAGO (MONTERO)
3713;FARMACIA DIVINO NI—O (MONTERO) SIN NOMBRE
3714;FARMACIA ARNEZ (MONTERO) SIN NOMBRE
3715;FARMACIA ASUNCION (MONTERO)
3716;FARMACIA BALDERRAMA (MONTERO) SIN NOMBRE
3717;FARMACIA BELEN (MONTERO)
3718;FARMACIA BIO PHARMA (MONTERO)
3719;FARMACIA DON OSCAR (MONTERO) SIN NOMBRE
3720;FARMACIA HURTADO (MONTERO) SIN NOMBRE
3721;FARMACIA JERUSALEN (MONTERO) SIN NOMBRE
3722;FARMACIA LA SALUD (MONTERO) SIN NOMBRE
3723;FARMACIA MADRE DE DIOS (MONTERO) SIN NOMBRE
3724;FARMACIA MATILDE (MONTERO)
3725;FARMACIA MODERNA (MONTERO)
3726;FARMACIA NOSTAS (MONTERO)
3727;FARMACIA PALMA (MONTERO) SIN NOMBRE
3728;FARMACIA SAGRADO CORAZON (MONTERO) SIN NOMBRE
3729;FARMACIA SAN BARTOLOME (MONTERO) SIN NOMBRE
3730;FARMACIA SAN FRANCISCO DE ASIS (MONTERO)
3731;FARMACIA SAN JORGE (MONTERO) SIN NOMBRE
3732;FARMACIA SAN JOSE (MONTERO)
3733;FARMACIA SAN JUAN (MONTERO) SIN NOMBRE
3734;FARMACIA SAN SALVADOR (MONTERO) SIN NOMBRE
3735;FARMACIA SANTA CRUZ (MONTERO) SIN NOMBRE
3736;FARMACIA SANTA TERESITA (MONTERO) SIN NOMBRE
3737;FARMACIA SE—OR DE MAYO (MONTERO)
3738;FARMACIA VICTORIA (MONTERO)
3739;FARMACIA YARVI (MONTERO)
3740;FARMACIA VIRGEN DE COTOCA (MONTERO)
3741;FARMACIA MARIA AUXILIADORA (MONTERO)
3742;MEDICINA REGENERATIVA ARROYO S.R.L. (MONTERO) FARMACIA JALDIN
3743;FARMACIA ORELLANA (MONTERO) SIN NOMBRE
3744;FARMACIA CRISTAL (MONTERO)
3746;FARMACIA NINO JESUS (MONTERO)
3747;FARMACIA DAMARIS (MONTERO)
3748;CLINICA NORTE (MONTERO)
3749;FARMACIA BOLIVIA (MONTERO)
3750;FARMACIA VIDAL - CLINICA VIDAL (MONTERO)
3751;CENTRO MEDICO MAXIMILIANO KOLBE (MONTERO)
3752;FARMACIA MONTERO (MONTERO)
3753;FARMACIA INGAVI (MONTERO) 
3754;FARMACIA PHARMA CENTER SAN ANDRES (MONTERO) SIN NOMBRE
3755;CENTRO MEDICO NORI (MONTERO)
3756;FARMACIA VARGAS (MONTERO)
3757;FARMACIA UNIMAX (MONTERO)
3758;FARMACIA SAN JUDAS TADEO (MONTERO) SIN NOMBRE
3759;FARMACIA PASTOR DIAS (MONTERO)SIN NOMBRE
3760;FARMACIA VIRGEN DE GUADALUPE (MONTERO) SIN NOMBRE
3761;CLINICA ORELLANA (MONTERO)
3762;FARMACIA SAN MARTIN DE PORREZ (MONTERO) SIN NOMBRE
3763;FARMACIA ALISON (MONTERO)
3764;FARMACIA HERMANOS JIMENEZ (SC)
3765;FARMACIA SANTA ROSA DEL SARA (MONTERO) SIN NOMBRE
3766;FARMACIA SAN RAMON (MONTERO)
3768;FARMACIA OCCIDENTAL (SC) EX HOREB (SC)
3770;GOBIERNO AUTONOMO MUNICIPAL DE SANTA CRUZ (SC)
3777;FARMACIA SAN ALBERTO (MONTERO)
3779;FARMACIA VIRGEN DE CANDELARIA (MONTERO)
3781;FARMACIA 18 DE ENERO (SC)
3782;FARMACIA EGLABEMEDICAL (MONTERO)
3784;FARMACIA DERMA (WARNES) 
3785;FARMACIA IRENE (WARNES)
3786;FARMACIA LA SALUD (WARNES) SIN NOMBRE
3787;FARMACIA NI—O JESUS (WARNES)
3788;FARMACIA SEÒOR DE MAYO (WARNES) SIN NOMBRE
3789;FARMACIA VIRGEN DEL ROSARIO (WARNES)
3790;FARMACIA VIRGEN MARIA (WARNES)
3791;FARMACIA WARNES (WARNES)
3792;FARMACIA NIRVANA (WARNES)SIN NOMBRE
3793;FARMACIA JAH-RA (SC)
3794;FARMACIA SAN CARLOS (WARNES) 
3795;FARMACIA PAPA FRANCISCO I (EL TORNO)
3796;HOSPITAL MUNICIPAL NUESTRA SE—ORA DEL ROSARIO (SC)
3797;FARMACIA CRISTO JESUS (WARNES)
3804;FARMACIA SEGOVIA (SC)
3814;FARMACIA LLANTEN S.R.L.(SC)
3818;FARMACIA ZURISADAI (SC)
3820;FARMACIA LA SAGRADA FAMILIA (SC) FARMACIA CELY
3822;FARMACIA MARIA JOSE (SC)
3823;CENTRO MEDICO SAN SALVADOR (SC)
3824;FARMACIA MEDICAL S.R. (SC)
3825;FARMACIA LA FORTALEZA (SC)
3826;FARMACIA TANIA (SC)
3827;FARMACIA CORTEZ (SC)
3828;FARMACIA ANTONELLA (SC)
3829;FARMACIA SE—OR DE SOLANO (SC)
3830;FARMACIA ORELLANA (SC) SIN NOMBRE
3831;FARMACIA EUNICE (ANTES CHANEL) (SC)
3849;FARMACIA SALAZAR (MONTERO)
3850;FARMACIA ESCOBAR (MONTERO)
3851;FARMACIA HIPERMAXI PARAGUA
3852;FARMACIA HIPERMAXI MANUEL IGNACIO S.
3853;FARMACIA HIPERMAXI NORTE
3854;FARMACIA HIPERMAXI SUR
3855;FARMACIA HIPERMAXI LAS PALMAS
3856;FARMACIA HIPERMAXI ARGOMOZA
3857;FARMACIA HIPERMAXI IRALA
3858;FARMACIA HIPERMAXI 3 PASOS AL FRENTE
3859;FARMACIA HIPERMAXI PAMPA DE LA ISLA
3860;FARMACIA HIPERMAXI ISABEL LA CATOLICA
3861;FARMACIA HIPERMAXI SUPERCENTER
3862;FARMACIA HIPERMAXI EL BAJIO
3863;FARMACIA HIPERMAXI PIRAY
3864;FARMACIA HIPERMAXI VILLA
3865;FARMACIA HIPERMAXI BARRON
3866;FARMACIA HIPERMAXI CENTENARIO
3867;FARMACIA HIPERMAXI EQUIPETROL
3869;FARMACIA HIPERMAXI URBANIZACION ESPANA
3870;FARMACIA HIPERMAXI CANOTO
3871;PROSALUD - ALEMANA
3872;PROSALUD - EL CARMEN
3873;PROSALUD - FOIANINI
3874;PROSALUD - HEROES DEL CHACO
3875;PROSALUD - ISMAEL SUAREZ
3876;PROSALUD - LA CUCHILLA
3877;PROSALUD - LA MADRE
3878;PROSALUD - LA MORITA
3879;PROSALUD - LAS PAMPITAS
3880;PROSALUD - LOS LOTES
3881;PROSALUD - VILLA PILLIN
3882;FARMACIA CRISELI (SC)
3883;PROSALUD - LA RAMADA
3888;HOSPITAL DE NI—OS MARIO ORTIZ SUAREZ
3889;GOBIERNO AUTONOMO DEPARTAMENTAL DE SANTA CRUZ
3890;FARMACIA SENZANO (SC)
3891;GOBIERNO AUTONOMO MUNICIPAL DE MONTERO
3892;FARMACIA CAROLITA (WARNES)
3893;FARMACIA GLORIA QUIROGA (WARNES)
3896;RED DE SALUD SUR CENTRO DE SALUD LA COLORADA 
3904;CADENA FARMA LIDER SUC-24 SEPTIEMBRE
3905;CADENA FARMA LIDER SUC-MUTUALISTA
3906;CADENA FARMA LIDER SUC-TROMPILLO
3907;CADENA FARMA LIDER SUC-GRIGOTA
3908;CADENA FARMA LIDER SUC-HOME CENTER
3909;CADENA FARMA LIDER SUC-VIEDMA
3910;CADENA FARMA LIDER SUC-COLON
3911;CADENA FARMA LIDER SUC-ALEMANA
3912;CADENA FARMA LIDER SUC-VILLA 1RO.MAYO
3918;RED DE SALUD CENTRO (SC)
3919;FARMACIA LUZ Y VIDA (SC)
3921;FARMACIA EL PARI (SC) SIN NOMBRE
3922;FARMACIA OLIVIA (SC)  SIN NOMBRE
3923;FARMACIA GUZMAN (MONTERO)
3924;FARMACIA BALDERRAMA (SC) SIN NOMBRE
3925;FARMACIA HIPERMAXI RADIAL 26
3926;FARMACIA LA MISION (SC)
3927;FARMACIA PAZ LIT S.R.L. SUC. 1 (EX.MARIA) (TORNO)
3930;FARMACIA SAN JUAN DE DIOS (WARNES)
3931;FARMACIA REY DE REYES (MONTERO)
3932;FARMACIA SE—OR JESUS (SC)
3933;FARMACIA SAN FRANCISCO XAVIER (SC)
3938;FARMACIA SAN GABRIEL  (EX. SAN GABRIELITO)
3941;FARMACIA UNIKFARMA (SC)
3942;FARMACIA ANNEL (SC)
3943;FARMACIA FARMA NATURA (SC)
3944;FARMACIA XIMENA (SC)
3945;FARMACIA LUZ DE LA SALUD (SC)
3946;FARMACIA BENEDICTO (SC)
3947;FARMACIA PARIS (2) (SC)
3948;FARMACIA ALTAFARM (SC)
3949;FARMACIA FARMALIX (WARNES) SIN NOMBRE
3950;FARMACIA VALLEJOS (SC)
3954;FARMACIA MAELO ( LA GUARDIA)
3955;FARMACIA 4 DE MAYO EX.FARMACIA DORIS (SC)
3956;FARMACIA DIVINO CREADOR (MONTERO)
3957;FARMACIA SANTO DOMINGO ( MONTERO)
3958;DRA. NORAH SAAVEDRA VARGAS
3959;FARMACIA MARIA LAURA (SC) SIN NOMBRE
3960;FARMACIA EUROPEA (SC)
3961;FARMACIA CORAZON DE JESUS (WARNES)
3962;FARMACIAS PLAZA - SUC-BANZER
3963;FARMACIAS PLAZA SUC-BUSCH
3964;FARMACIAS PLAZA SUC-VIRGEN DE COTOCA
3965;FARMACIAS PLAZA - SUC.EL CRISTO
3966;FARAMACIAS PLAZA SUC-GRIGOTA
3967;FARMACIAS PLAZA SUC-EUROPA
3968;FARMACIAS PLAZA SUC-HAMACAS
3969;FARMACIAS PLAZA SUC-IRALA
3970;FARMACIAS PLAZA SUC-MELCHOR PINTO
3971;FARMACIA FARMAX (SC)
3972;DR. REMY SANJINEZ RODRIGUEZ (SC)
3973;FARMACIA FARMACEM (SC)
3975;FARMACIA DON BOSCO (SC) 
3976;FARMACIA FARMACRUZ NORTE (MONTERO)
3977;CLINICA EL TROMPILLO (SC)
3978;FARMACIA MARBEL  (SC) SIN NOMBRE
3979;FARMACIA 7 DE AGOSTO (SC)
3980;HOSPITAL CATOLICO (SC)
3981;FARMACIA EL ALBA (SC)
3982;FARMACIA COMARAPA (SC)
3985;FARMACIA ANGEL GABRIEL (SC)
3986;FARMACIA VIDA ABUNDANTE (SC)
3987;FARMACIA HIPERMAXI STOS.DUMONT 6TO.
3988;FARMACIA ARVI (SC)
3989;FARMACIA PREMIER (SC)
3990;FARMACIA OKINAWA SUC I (LOS POZOS) (SC)
3991;FARMACIA OKINAWA SUC 2 (MUTUALISTA) (SC)
3992;FARMACIA OKINAWA SUC. 3 (VILLA 1RO DE MAYO) (SC)
3993;FARMACIA OKINAWA SUC. 4 (PLAN 3000) (SC)
3994;FARMACIA ARCO IRIS (SC)
3995;FARMACIA CAMINO REAL (SC) SIN NOMBRE
3996;FARMACIA BMV (EX. BERRIOS) (SC)
3998;CORPORACION BOLIVIANA DE FARMACIAS SUC. SATELITE NORTE (WARNES
3999;FARMACIA DANIELY (SC)
4000;FARMACIA MASVIDA (SC)
4001;FARMACIA JAPON (SC)
4002;FARMACIA BUEN RETIRO (SC)
4003;FARMACIA 18 DE ABRIL  R. (WARNES)
4004;FARMACIA ROMA (SC)
4005;FARMACIA BELLA FLOR (EX. FCIA. GAMA) (SC)
4006;RED DE SALUD NORTE (SC)
4007;FARMACIA DORADO (SC)
4008;FARMACIA SAN JOSE (SC)
4009;FARMACIA GERMAN MORENO (MONTERO)
4010;FARMACIA NUEVO HORIZONTE (MONTERO)
4011;FARMACIA JULIANA KM (MONTERO)
4013;DR. ROLANDO HURTADO (SC)
4014;CORPORACION BOLIVIANA DE FARMACIA S SUC. VILLA 1RO DE MAYO (SC)
4015;CORPORACION BOLIVIANA DE FARMACIAS SUC. LA CUCHILLA (SC)
4016;CORPORACION BOLIVIANA DE FARMACIAS SUC. II SATELITE  (WARNES)
4017;FARMACIA FARMABIEN (SC)
4018;FARMACIA BELEN (WARNES)
4019;FARMACIA NAKIOMY (SC) SIN NOMBRE
4020;FARMACIA SUDAMERICANA (SC)
4021;FARMACIA CORAZON DE JESUS S.O. (MONTERO)
4022;FARMACIA IBERICA (SC)
4024;FARMACIA FARID (SC) SIN NOMBRE
4025;FARMACIA VERALUZ (SC)
4026;FARMACIA SASHA (SC)
4027;FARMACIA LOS POZOS (SC) 
4028;FARMACIA LUZ DE SAN MATIAS (MONTERO)
4029;CADENA FARMA LIDER SUC-NORTE
4031;FARMACIA LA AMISTAD (SC)
4032;FARMACIA IYAMBAE (LA GUARDIA)
4034;FARMACIA YOYI (SC)
4036;FARMACIA MICAELA (SC)
4037;FARMACIA SANTIAGO JR. (SC)
4038;FARMACIA LA GOTA FARMACEUTICA (SC)
4039;FARMACIA SATELITE (SC)
4041;CADENA FARMA LIDER SUC-HOSPITAL OBRERO
4043;FARMACIA CORTEZ (LA GUARDIA)
4044;FARMACIA LA GLORIETA (WARNES)
4045;FARMACIA SAN MIGUEL (MONTERO)
4046;FARMACIA ISAIAS (SC)
4047;FARMACIA TRIUNO FORMULAS MAGISTRALES (SC)
4048;FARMACIA BENITA (SC)
4051;FARMACIA LUZ DE COPACABANA (SC)
4053;HOSPITAL JAPONES (SC)
4054;FARMACIA IVONNE (SC)
4055;FARMACIA JOEL (SC)
4056;FARMACIA LUCIANA (SC)
4057;DR. MARIO ROLANDO POMIER GOMEZ (SC)
4058;FARMACIA CENTRO DE SALUD CLEM (MONTERO)
4061;FARMACIA HIPERMAXI AV.BENI
4062;CLINICA MONTERO SRL. (EX.FCIA. NAVARRO) (MONTERO)
4063;FARMACIA ALESFER (SC)
4064;FARMACIA MARILU SUC. (SC)
4065;FARMACIA VIRREIRA (SC)
4067;FARMACIA PURISIMA VIRGEN MARIA DE COTOCA (SC)
4068;FARMACIA LUZ DE ESPERANZA (SC)
4069;FARMACIA OKINAWA  SUC. 5 (PAURITO) (SC)
4070;FARMACIA OKINAWA SUC. 6 (EL PARAISO) (SC)
4072;FARMACIA BROUSET (SC)
4074;FARMACIA BERNABE (SC)
4075;CAJA NACIONAL DE SALUD (SC)
4076;FARMACIA BARRIENTOS (MONTERO)
4078;FARMACIA NUEVA GENERACION (SC)
4079;FARMACIA VELASQUEZ (SC)
4080;FARMACIA FARMA STAR (EX. ANA BARBA) (SC) SIN NOMBRE
4081;FARMACIA IRCA SUC. (SC)
4082;FARMACIA ZAMBRANA (SC)
4083;FARMACIA CREMER (SC)
4084;FARMACIA SAN SILVESTRE 318 (WARNES)
4086;FARMACIA BALZU (SC)
4087;FARMACIA FARMA U (SC)
4088;FERIA EXPOSICION
4089;FARMACIA SONYA  (SC)
4090;FARMACIA CALIPSO (EX VENUS)   (SC)
4091;FARMACIA PHARMALUNA (MONTERO)
4092;FARMACIA SAN SILVESTRE (SC)
4093;FARMACIA BARCO (SC)
4094;FARMACIA LA CAPITAL (SC)
4095;FARMACIA NICOLAS (SC)
4096;CADENA FARMA LIDER SUC-MERCADO MUTUALIST
4097;FARMACIA EL MANA (SC)
4098;FARMACIA 25 DE MAYO (SC)
4099;FARMACIA AVELIER (SC)
4100;FARMACIA CAMPOS DE SALUD (LA GUARDIA)
4101;FARMACIA LUZ DE TU VISION SUC. 2 (SC)
4103;FARMACIA BUENA VISTA (SC)
4104;VICTOR HUGO SAAVEDRA
4105;FARMACIA ROSALIN (SC)
4108;BIOSUR (SC)
4109;FARMACIA ARCANGELES DE DIOS (SC)
4110;FARMACIA CARVAL (SC) SIN NOMBRE
4111;FARMACIA WORLD FARMA (SC)
4112;FARMACIA BUENA ESPERANZA (SC)
4114;FARMACIA LOREDO (SC)
4115;FARMACIA SE—OR DE PRAGA (SC)
4117;CIES (MONTERO)
4118;FARMACIA HOSP.ALFONSO GUMUCIO R.(MONTERO)
4120;FARMACIA DON MARIO (MONTERO)
4121;CENTRO CRISTIANO CASA DE ORACION
4122;FARMACIA ABIGAIL (SC)
4123;FARMACIA REAL (SC)
4124;FARMACIA QUIROGA (SC) SIN NOMBRE
4126;FARMACIA CARRASCO (SC)
4127;FARMACIA LUZ DEL REY (SC)
4128;FARMACIA 27 DE MAYO SUC. I (SC)
4129;FARMACIA ROMERO (SC)
4131;FARMACIA ROMANETH (SC)
4132;FARMACIA VALERY (SC) EX. FCIA. NORDAN (SC)
4133;FARMACIA BRISTOL (SC)
4134;FARMACIA ANITA (SC)
4135;FARMACIA JOSMAR (SC)
4136;FARMACIA MEDICA P Y H (SC)
4137;FARMACIA CRISTO REDENTOR (MONTERO)
4138;DR. EDWIN RUIZ 
4139;FARMACIA MARIA INES (SC)
4140;FARMACIA EXELMANS (SC) SIN NOMBRE
4141;FARMACIA YASENDI (SC)
4142;FARMACIA 2 DE JUNIO (SC)
4143;FARMACIA CRUZ DEL SUR (SC)
4146;CADENA DE FARMA LIDER SUC-CANOTO (SC)
4147;FARMACIA GREGORY (SC)
4158;FARMACIA MIKYTA (SC)
4162;FARMACIA HIPERMAXI ROCA Y CORONADO
4163;FARMACIA SUPERFARMA VALLEJOS LUCINDA (SC)
4165;FARMACIA AMAYA (SC)
4166;FARMACIA DIEGO MAURICIO (SC)
4167;FARMACIA J Y J (SC)
4168;OSCAR HUANACOTA CHOQUECHAMBI (SC)
4169;CONSULTORIO DE ESPECIALIDADES MEDICAS SATELITE (WARNES)
4171;FARMACORP PARQUE INDUSTRIAL (SC)
4174;FARMACIA BIO-NEOGENESIS (SC)
4177;FARMACIA VITAL JORGE (SC)
4178;FARMACIA AVENDA—O (SC) SIN NOMBRE
4179;FARMACIA VARGAS (SC)
4181;PROSALUD AlmacÈn PARAGUA (SC)
4182;FARMACIA ASMIR S.R.L. (SC)
4183;FARMACIA SANTIESTEVAN (SC)
4185;FARMACIA 7 DE MARZO (EX. SAN JORGE) (SC)
4186;FARMACIA FARMA LIDER SUC. PIRAI (SC)
4187;FARMACIA IRENE (SC)
4188;FARMACIA ESTAR SANO (SC)
4189;FARMACIA VIRGEN DE ALTA GRACIA
4190;FARMACIA  LAS PAMPITAS (SC)
4192;FARMACIA BEQUER (SC) EX FARMACIA IMPORTRADING CRZ (SC)
4194;GOBIERNO AUTONOMO MUNICIPAL DE WARNES (WARNES)
4195;CADENA FARMA LIDER SUC-VENTURA MALL
4196;FARMACIA HIPERMAXI BLACUTT (SC)
4197;FARMACIA SAGRADO CORAZON DE JESUS Y MARIA (SC)
4200;FARMACIA VIDA SANA SUC. (SC)
4201;PRO-MUJER REGINAL SANTA CRUZ 
4202;FARMACIA RODAS (SC)
4203;FARMACIA JESUS MI SALVADOR (SC)
4204;FARMACIA BOTI-K (SC)
4205;CONSEJO DE SALUD RURAL ANDINO (MONTERO)
4208;FARMACIA MICHELLE (SC)
4209;FARMACIA ALESTHER (SC)
4210;FARMACIA ROSY & MARY (SC)
4211;FARMACIA GALINDO (SC)
4212;FARMACIA ORDO—EZ (SC)
4214;CORPORACION BOLIVIANA DE FARMACIA S SUC. ABASTO (SC)
4215;FARMACIA CAREVA (SC)
4217;FARMACIA BAUTISTA (MONTERO)
4218;FARMACIA 14 FARMA (SC)
4220;FARMACIA DR. SANITO (SC)
4221;FARMACIA JUAN CARLOS  (WARNES)
4222;FARMACIA SALDA—A GUDI—O (SC)
4223;FARMACIA DILMA (SC)
4224;FARMACIA RODRIGUEZ (SC)
4225;FARMACIA ASAEL (SC)
4226;FARMACIA ROCA FUERTE (SC)
4227;FARMACIA ALEXANDRIA (SC)
4228;FARMACIA ODRES NUEVOS (SC)
4229;FARMACIA MARTINEZ CARDONA (MONTERO)
4230;FARMACIA FIGUEROA S.R.L. (SC)
4231;FARMACIA VIENA S.R.L. (SC)
4233;FARMACIA LARITA (SC)
4234;FARMACIA 28 DE SEPTIEMBRE (SC)
4235;FARMACIA 3 DE DICIEMBRE (SC)
4237;FARMACIA FARMA LUIS (EL TORNO)
4238;FARMACIA ECOFARMACIA (SC)
4239;FARMACIA GISEL AYLIN (LA GUARDIA)
4240;FARMACIA SAN MIGUEL ARCANGEL SUC. 1 (SC)
4241;FARMACIA EFRAIN (SC)
4243;FARMACIA HIPERMAXI PLAN 3000 (SC)
4244;FARMACIA SILOE (MONTERO)
4245;FARMACIA MERCEDES (SC)
4246;FARMACIA FARMA CUELLAR (SC)
4247;DIXFARMA (SC)
4248;CADENA FARMA LIDER ALMACEN CENTRAL
4249;FARMACIA ROCHA (SC)
4250;FARMACIA VMC-FARMAUNION (SC)
4251;FARMACIA MAR Y SOL (SC)
4252;FARMACIA DE CHAGUAYA (SC) SIN NOMBRE
4253;FARMACIA CHUQUISACA (SC)
4254;FARMACIA SOMOS FARMA (SC)
4255;FARMACIA METRO S.R.L. (SC)
4256;FARMACIA DANIELYS (SC)
4257;FARMACIA FARMAFER (SC)
4258;FARMACIA FARMAMEDIC (SC) EX ARVI SUC I 
4259;FARMACIA VEI-GUZ (SC)
4260;FARMACIA RANDY (SC)
4262;FARMACIA MEGAFARMA SUC. 1 (SC)
4263;FARMACIA SE—OR DE LAGUNAS (SC)
4264;FARMACIA ANTEZANA G. (SC)
4265;FARMACIA ALEI (SC)
4266;HOSPITAL PSIQUIATRICO BENITO MENNI (SC)
4267;FARMACIA DESAI (SC)
4268;FARMACIA CADEFAR (SC)
4269;FARMACIA PUEBLO NUEVO (SC)
4270;FARMACIA LAES SUC.I (SC)
4271;SERMEIN SRL. (SC)
4274;ALMACEN VENTAS CORPORATIVAS HIPERMAXI
4275;FARMACIA L Y C (SC)
4276;FARMACIA CABRERA (SC)
4277;FARMACIA SANTA ROSITA (MONTERO)
4278;FARMACIA RAMIREZ SUC. II (SC)
4279;DR. JAVIER VALVERDE (SC)
4280;FARMACIA CAROLITA SUC. I (SC) 
4282;FARMACIA TILUCHI (SC)
4284;FARMACIA 26 DE FEBRERO (SC)
4285;FARMACIA SORUCO (SC)
4286;FARMACIA MEDICENTER (SC)
4287;FARMACIA R Y I (SC)
4288;FARMACIA CALUSTRO (SC)
4289;FARMACIA FARMAMED NISI (MONTERO)
4290;FARMACIA VIRGEN MORENA (MONTERO)
4291;FARMACIA JANEL (SC)
4292;FARMACIA FARMAJAL (SC)
4293;FARMACIA FAMILIAR (SC)
4294;SEGURO SOCIAL UNIVERSITARIO DE SUCRE
4295;FARMACIA VILLALTA (SC)
4296;FARMACIA VIRGEN DE LA MACARENA (SC) SIN NOMBRE
4297;FARMACIA FARMAMEL (LA GUARDIA)
4298;FARMACIA EL REY JESUS (SC) 
4299;FARMACIA SAN EXPEDITO (SC)
4300;FARMACIA NOSTAS SUC. 1 (SC)
4301;FARMACIA FLORIDA (SC)
4302;FARMACIA POR TU SALUD (SC)
4303;DR.LUIS FERNANDO GUAYACUMA SILVA
4304;FARMACIA LETIZIA LOPEZ VALLEJOS (SC)
4305;FARMACIA ARROYO (SC)
4306;FARMACIA EMANUEL (SC) SIN NOMBRE
4307;FARMACIA MARICELY (SC)
4308;FARMACIA R & S (SC)
4309;FARMACIA SE—OR DE MAICA SUC. 1 (SC)
4310;FARMACIA DORIS VALLEJOS (SC)
4311;FARMACIA CARLES (SC)
4312;FARMACIA SI O SI (SC) SIN NOMBRE
4313;CAJA PEDTROLERA DE SALUD COCHABAMBA 
4314;FARMACIA ANGHELY & ARIDNA (SC)
4315;PETROBRAS ARGENTINA S.A. SUC. BOLIVIA
4316;FARMACIA FARMAROXANA (SC)
4317;FARMACIA MB (SC)
4318;DRA. SONIA CALIZAYA (SC)
4319;FARMACIA NELA (SC)
4320;FARMACIA FARMA-ABITA (SC) SIN NOMBRE
4325;FARMACIA AMERACK (SC)
4326;FARMACIA MARIA ELENA (SC)
4327;FARMACIA SAN BLAS (SC)
4328;FARMACIA BIO-ESQ S.R.L.
4329;FARMACIA LUCAS FARMA (SC) EX FARMACIA SHIRLEY
4330;FARMACIA FARMAGOLD (SC)
4331;FARMACIA FUTURA (EL TORNO)
4332;FARMACIA ITALIA II (SC) FARMACIA IRCA SUC. ALTO SAN PEDRO
4333;CDI BO 368 (SC)
4334;FARMACIA Ma. Be./BIANCA (SC)
4335;CIES  
4336;FARMACIA LLENEZ (SC)
4337;FARMACIA UNIFARMA (SC)
4338;FARMACIA FARMATOR (EL TORNO)
4339;FARMACIA FARMAPIERO (WARNES)
4340;FARMACIA LOS SAUCES (SC)
4341;FARMACIA 23 DE AGOSTO (SC)
4342;FARMACIA SANZ (SC)
4343;FARMACIA VIAVIDA (SC)
4344;FARMACIA EL BAJIO (SC)
4346;FARMACIA TORRICO (MONTERO)
4347;FARMACIA FARMA-CHRIS (SC)
4348;FARMACIA NVA FARMA (SC)
4349;FARMACIA CALDERON CARDOZO (SC)
4350;FARMACIA ARAMAYO (WARNES)
4351;FARMACIA SMS (SC)
4352;FARMACIA FARMAVIP (SC)
4353;FARMACIA 26 DE ABRIL. (SC)
4354;FARMACIA FAVI (SC)
4355;FARMACIA DAYRA (SC)
4356;FARMACIA JUAN GABRIEL (WARNES)
4357;FARMACIA NUEVA LUZ (SC)
4358;FARMACIA DON TOMAS (MONTERO)
4359;FARMACIA ROSALES (SC)
4361;FARMACIA TAVIRA (SC)
4363;FARMACIA YNGRI A.P. (SC)
4364;FARMACIA AALMA ADONAI  (SC)
4365;FARMACIA L & P (LA GUARDIA)
4366;FARMACIA HERMANOS MOSCOSO H-M (WARNES)
4367;FARMACIA FUERZA ACTIVA (SC)
4368;FARMACIA PAZ LIT S.R.L. SUC II (EL TORNO)
4369;FARMACIA FAMILIAR (SC)
4370;FARMACIA POPULAR (MONTERO)
4371;FARMACIA C & C (SC)
4372;FARMACIA MIA FER (SC)
4373;FARMACIA VG FATIMA (SC)
4374;FARMACIA FARMANDREA (SC)
4376;FARMACIA GALARZA (SC) sin nombre
4377;FARMACIA AILEEN PHARMA (SC) 
4378;FARMACIA SALUD DIVINA (SC)
4379;FARMACIA 5 DE FEBRERO
4380;FARMACIA FARMAPLUS (SC)
4381;FARMACIA 13 DE JUNIO (SC)
4382;FARMACIA DIOS ES TU SALVADOR (SC)
4383;FARMACIA ROSADO (SC)
4384;FARMACIA MEDICRUZ (SC)
4385;FARMACIA TORNE—A (EL TORNO) SIN NOMBRE
4387;ASIMEIN S.R.L. (SC)
4388;FARMACIA EMANUEL MAGNE (SC)
4389;FARMACIA MURCIA (SC)
4390;FARMACIA NOSSA SENHORA APARECIDA (SC)
4391;FARMACIA MEDINA (SC)
4392;FARMACIA SAN MIGUEL ARCANGEL CENTRAL (SC)
4393;FARMACIA TEREBINTO (SC)
4394;GOBIERNO AUTONOMO MUNICIPAL DE COLPA BELGICA
4395;FARMACIA TODO PODEROSO (WARNES)
4396;FARMACIA GENESIS (SC)
4397;DISTRIBUIDORA SAN MIGUEL (SC)
4398;FARMACIA JOSE YAHEL (SC)
4399;FARMACIA ISABELITA (SC) FARMACITY (SC)
4400;FARMACIA FARMASISY (WARNES)
4402;FARMACIA SALUD Y ESTAR BIEN (SC)
4403;FARMACIA LEONEL (SC)
4404;FARMACIA VISOL (WARNES)
4406;FARMACIA HORA NUEVA (SC)
4407;FARMACIA 10 DE MAYO (SC)
4409;FARMACIA PHARMADEY (SC)
4410;FARMACIA HIPERMAXI MONTERO (MONTERO)
4411;FARMACIA SOLIDARIA MAC-GREGOR (SC)
4412;FARMACIA ALIVIARTE (SC)
4413;CAJA DE SALUD CORDES (SC)
4414;FARMACIA SANTO SANTIAGO (SC)
4415;FARMACIA ALTERNATIVA (SC)
4416;FARMACIA LEBENFARMA (SC)
4417;FARMACIA LISANIA (WARNES)
4418;FARMACIA YUAL (SC) SIN NOMBRE
4419;FARMACIA BERNAL (SC)
4420;FARMACIA SAN JUAN BAUTISTA  (SC)
4421;FARMACIA YOVIMARI (SC)
4422;FARMACIA BIOVITAL (MONTERO)
4423;FARMACIA VIRGEN DE LUJAN (SC)
4425;FARMACIA FARMASHOP (SC)
4426;FARMACIA BRITMANN (SC) SIN NOMBRE
4427;FARMACIA FARMAGLAD (SC)
4428;FARMACIA LA GLORIA DIVINA (SC)
4429;FARMACIA MAIDA PINTO (SC)
4430;FARMACIA MurguÌa (SC)
4432;FARMACIA FARMA VITA CUORE (SC)
4433;FARMACIA ARANDO (MONTERO)
4435;FARMACIA SUBLIME GRACIA (LA GUARDIA)
4437;FARMACIA DARSOL S.R.L. (SC)
4438;FARMACIA SAN JUAN (SC)
4439;FARMACIA SATELITE NORTE (WARNES)
4440;FARMACIA FARMAGEN (LA GUARDIA)
4441;FARMACIA HANIEL (SC)
4442;FARMACIA ESPINOZA (SC)
4443;FUNDACION NI—O FELIZ (SC)
4444;FARMACIA AYMI (SC)
4445;FARMACIA SAN FRANCISCO DE ASIS (SC) SIN NOMBRE
4446;FARMACIA HAVANA (SC)
4447;FARMACIA LAES (SC)
4448;FARMACIA URDIFARMA (SC)
4449;FARMACIA SAN GERONIMO F &S (SC)
4450;FARMACIA FARMASUR (SC)
4452;FARMACIA SUCREFAR (WARNES)
4453;FARMACIA EL FUERTE PRIMAVERA (SC)
4454;FARMACIA HERBAFARMA (SC)
4455;FARMACIA R & A (SC)
4456;FARMACIA PERBOL (SC)
4459;FARMACIA CALLEJAS (SC)
4460;FARMACIA CAMBODROMO (SC)
4461;FARMACIA SANDER (SC)
4462;FARMACIA BAUTISTA SUC. (SC)
4463;FARMACIA NOSTAS SUC. 3 (SC)
4464;FARMACIA PHARMA & CIA BOLIVIA (SC)
4465;FARMACIA PORCEL (SC)
4466;ELIMEDIG LTDA (SC)
4467;FARMACIA UNO (SC)
4468;FARMACIA MULTI-FARMAX (SC)
4469;FARMACIA GHALIA (SC)
4470;FARMACIA URKUPI—A F Y R (MONTERO)
4471;FARMACIA FARMACSE (SC)
4472;FRH S.R.L. (SC) FARMACIA LA FARMACIA 
4473;FARMACIA PADRE CELESTIAL (MONTERO)
4474;FARMACIA LUSIA ROMERO SILES (SC)
4475;DISUMBOL (SC)
4476;FARMACIA M Y S (SC)
4477;CAJA DE SALUD CORDES (TRINIDAD)
4478;FARMACIA CABALLERO (SC)
4479;FARMACIA MEDYFARMA ST (MONTERO)
4480;FARMACIA RIVAS BRITO (SC)
4481;FARMACIA MVD (SC)
4482;FARMACIA LAGUNA BONITA (SC)
4483;FARMACIA FARMAESQUIA SC)
4484;FARMACIA QUIMON (EL TORNO)
4485;FARMACIA JUAN DE DIOS ( EL TORNO)
4486;FUNDACION BARTIMEO (SC)
4487;FARMACIA VITALIA (SC)
4488;FARMACIA LUZ Y FE (SATELITE-WARNES)
4489;FARMACIA LLANOS (SC) 
4490;DISTRIBUIDORA ASISTEFAR (SC)
4491;FARMACIA ZARATE (MONTERO)
4492;FARMACIA MILETH (SC)
4493;FARMACIA 9 DE ABRIL (SC)
4494;FARMACIA OLIDAYI (SC)
4495;FARMACIA FLOR DE LIZ (SC)
4496;FARMACIA PHARMASIST (SC)
4497;FARMACIA PHARMATECA (SC)
4498;FARMACIA FARMAURIBE (WARNES)
4499;FARMACIA LA DOCTORITA (SC)
4500;FARMACIA BERTHA (SC)
4501;FARMACIA DIVINO REMEDIO (SC)
4502;FARMACIA NUEVO PACTO (SC)
4503;FARMACIA B & B (SC) EX. FARMACIA AGUIRRE
4504;FARMACIA CUBA (SC)
4505;FARMACIA FARMAHORRA (SC)
4506;FARMACIA TU SALUD PRIMERO (SC)
4507;FARMACIA A. GUTIERREZ (SC)
4509;FARMACIA FARMADELY (SC)
4510;FARMACIA ANA ROSA (SC) SIN NOMBRE
4511;FARMACIA DIAZ JIMENEZ (SC)
4512;LEITER ERLAND ARANCIBIA PEINADO
4513;FARMACIA MINIONS FARMA (SC)
4514;FARMACIA 6 DE DICIEMBRE (SC)
4515;FARMACIA MERCY (SC)
4516;CAJA DE SALUD DE LA BANCA PRIVADA (SUCRE)
4517;FARMACIA FARMAFAMILY (SC)
4518;GOBIERNO AUTONOMO MUNICIPAL DE LA CIUDAD DE TARIJA Y LA PROVINCIA CERCADO
4519;BLOQUE PETROLERO SAN ALBERTO
4520;FARMACIA Hipermaxi ESPA—A (SC)
4521;FARMACIA F.C. (SC)
4522;FARMACIA CORPFARMA (SC) EX FCIA. FARMA AHORRO (SC)
4523;FARMACIA ANELIZ (SC)
4524;FARMACIA MI FARMACIA (WARNES)
4525;FARMACIA CRISTEL (SC)
4529;FARMACIA ANITA (MONTERO)
4530;FARMACIA SUPER FARMACIA (SC) EX. FCIA. REMBERT ISIDRO (SC)
4531;FARMACIA CENTERFARMA M & A (SC)
4532;FARMACIA ARCIA (SC)
4533;FARMACIA SUAREZ (MONTERO)
4534;FARMACIA BEDOYA (MONTERO)
4535;FARMACIA ALICIA (WARNES)
4536;FARMACIA VALLEJOS MARLENE (SC)
4537;FARMACIA MARY SELVA (SC) 
4538;FARMACIA ECONOMIZE (SC)
4540;FARMACIA FELANNY (SC)
4541;FARMACIA SIDNEY (SC)
4542;FARMACIA DR. RONCES (SC)
4543;FARMACIA AVILSI (SC)
4544;FARMACIA FARMA-TENORIO (SC)
4545;FARMACIA MILU (SC)
4546;FARMACIA ALBORADA R & R (SC)
4547;FARMACIA BIO GENESIS (MONTERO)
4548;FARMACIA 16 DE JUNIO (SC)
4549;FARMACIA DALENCE (SC)
4550;FARMACORP SUC-COBIJA-PANDO
4551;FARMACIA FARMA PATT (SC)
4552;FARMACIA MARYEN (SC)
4553;FARMACIA NAVARRO (SC)
4554;FARMACIA FARMACLOK (SC)
4555;FARMACIA ORELUS (SC)
4556;FARMACIA FARMAMIGA (MONTERO)
4557;FARMACIA COPROFAR (SC)
4558;FARMACIA PANOZO (SC)
4559;FARMACIA KHALED (SC)
4560;CORPORACION BOLIVIANA DE FARMACIA S SUC. SIRARI
4561;FARMACIA CARDIOFARMA (MONTERO)
4562;BLOQUE PETROLERO SAN ANTONIO
4563;INC PHARMA-HENRY OSCAR JIMENEZ TERRAZAS
4564;FARMACIA JEHOVA RAPHA (WARNES)
4565;FARMACIA FARMA USA (MONTERO)
4566;FARMACIA RIVERA (SC)
4567;FARMACIA FARMA AHORRO UVITA (SC)
4568;FARMACIA MY BEBE (LA GUARDIA)
4569;FARMACIA ATZIMBA (SC)
4570;FARMACIA TIA ROMY (WARNES)
4571;FARMACIA C & J SUC. I (SC)
4572;FARMACIA VASQUEZ (SC)
4573;FARMACIA FARMASIL (SC)
4574;FARMACIA FARMAFRANCO (SC)
4575;FARMACIA ALMANZA (MONTERO)
4576;FARMACIA AARON (SC)
4577;FARMACIA PROVIDA (WARNES)
4578;FARMACIA XIARITA (SC)
4579;FARMACIA LA GRACIA DE DIOS (LA GUARDIA)
4580;FARMACIA DAINE (LA GUARDIA)
4581;FARMACIA GABRIEL (SC)
4582;FARMACIA CARVAJAL (SC)
4583;FARMACIA FARMAVIDA  - MC (SC) FCIA. FARMA LIBRE
4584;FARMACIA MAKIFARMA (SC)
4585;FARMACIA SALAZAR A. (WARNES)
4586;FARMACIA CONDEMARIN (SC)
4587;FARMACIA FARMAISA (MONTERO)
4588;FARMACIA JESUS MAESTRO (SC)
4589;FARMACIA VILLENA (SC)
4590;FARMACIA VITALMED (SC)
4591;FARMACIA LEON DE JUDA (SC)
4593;FARMACIA HOLGUIN (SC)
4594;FARMACIA MATIAS ADRIAN (SC)
4595;FARMACIA ROMER G-V (SC)
4596;FARMACIA EVELIN VALE (SC)
4597;FARMACIA FLORES JALDIN (SC)
4598;FARMACIA JESADFARMA (SC)
4599;FARMACIA HOYLOS (SC)
4600;FARMACIA ROSA LIDIA (SC)
4601;FARMACIA ASHLEY (SC)
4602;FARMACIA SOCIEFAR (SC)
4603;FARMACIA SALUD Y ESTAR BIEN SUC. I (SC)
4604;FARMACIA EFICAZ (SC)
4605;FARMACIA DIOS ES FIEL (SC)
4606;FARMACIA HELEN (SC)
4607;FARMACIA LOS TOJOS (SC)
4608;FARMACIA ISI FARMA (SC)
4609;FARMACIA SANA Y SANA (SC)
4610;CONSULTORIO MEDICO ECOMED (SC)
4611;FARMACIA VALENTISHADAY (SC)
4612;FARMACIA JENECHERU (SC)
4613;FARMACIA MIGUEL ANGEL (SC)
4614;FARMACIA IPC (SC)
4615;FARMACIA BARAK (SC)
4617;FARMACIA FARMA SALUD (SC)
4618;FARMACIA CADENAFAR (SC)
4619;FARMACIA PHARMACITY (SC)
4620;FARMACIA SANDOVAL (SC)
4621;FARMACIA ROMY (SC)
4622;FARMACIA NAYDI (SC) SIN NOMBRE
4623;FARMACIA FARMAPARDO (SC)
4624;FARMACORP (POTOSI)
4625;FARMACIA BIOLET (SC)
4626;CLINICA MEDICA SANTA MARIA (SC)
4627;CLINICA NUCLEAR SANTA CRUZ S.R.L. (SC)
4628;FARMACIA REYES (SC)
4629;FARMACIA JESUS MARIA (LA GUARDIA)
4630;FARMACIA FARMABELLA SHADDAI (SC)
4631;FARMACIA EGUEZ (SC)
4632;FARMACIA FARMA GETRU (SC) SIN NOMBRE
4633;FARMACIA FARMANADIR (SC)
4634;FARMACIA MEDICITY (SC)
4635;FARMACIA LIMBANIA (SC)
4636;FARMACIA ACTIFARMA (SC)
4637;FARMACIA PLENITUD (SC)
4638;FARMACIA MARIA AUXILIADORA BOLINTER (SC)
4639;FARMACIA MARIANE (SC)
4640;FARMACIA LA FAMILIA (WARNES)
4641;FARMACIA OLIVA (SC)
4643;FARMACIA YAHVE (MONTERO)
4644;FARMACIA MEDICAL + FARMA VELIZ (EL TORNO)
4645;FARMACIA FARMAARCE (SC)
4646;FARMACIA ALCARAZ (SC)
4647;FARMACIA NI—ITO JESUS (SC)
4648;FARMACIA VEDIA (SC)
4649;FARMACIA VERDE OLIVO (SC)
4650;FARMACIA MIKITA V.M. (SC)
4651;FARMACIA HERMANOS CLAROS (MONTERO)
4652;FARMACIA ADRIANA SATELITE NORTE (WARNES)
4653;FARMACIA FARMA-MERCY (SC)
4654;FARMACIA ALSA (SC)
4655;FARMACIA LA FE (SC)
4656;FARMACIA ROSALFAR (SC)
4657;FARMACIA HELAMAN (SC)
4658;FARMACIA DRAFANNY (SC)
4659;FARMACIA FARMED (SC)
4660;FARMACIA MARY LUZ (SC)
4661;FARMACIA KIARA (MONTERO)
4662;FARMACIA 3 DE AGOSTO (WARNES)
4663;FARMACIA TROPICAL SUC.I (SC)
4664;CLINICA MEDICA GDVIDA  S.R.L. (FCIA. GDVIDA) (SC)
4665;FARMACIA GALENICA  (SC)
4666;FARMACIA FARMAMED - ESCALERA (SC) 
4667;FARMACIA FARMAMIGA SUR (SC)
4668;FARMACIA ANAEL (SC)
4669;FARMACIA SALUS (SC)
4670;FARMACIA 3 DE NOVIEMBRE (SC)
4671;FARMACIA HIDEKEL (SC)
4672;DISTRIBUIDORA DISRA S.R.L.
4673;FARMACIA BUENA VISTA SUC. II (SC)
4674;FARMACIA LULY (MONTERO)
4675;FARMACIA TREBOL - FARMA (SC)
4676;FARMACIA OBRA DE DIOS (SC)
4677;FARMACIA GRUPFARMA (SC)
4678;FARMACIA FARMA CAROL (SC)
4679;FARMACIA FARMAMED I (SC)
4680;FARMACIA PHARMAPLUS (SC)
4681;FARMACIA FARMARITZ (SC)
4682;FARMACIA CLARA GUISEL (SC)
4683;CLINICA MEDICA MANANTIAL DE VIDA S.R.L. (SC)
4684;FARMACIA FARMALIANZA (SC)
4685;FARMACIA BIOCENTER (SC)
4686;FARMACIA 19 DE NOVIEMBRE (LA GUARDIA)
4687;FARMACIA LOURDES - JP (SC)
4688;FARMACIA ARMEDIC (SC)
4690;FARMACIA LILY (SC) SIN NOMBRE
4691;FARMACIA CIMA DE PLATA (SC)
4692;FARMACIA FARMAGIC (SC)
4693;FARMACIA ABRAZUL SUC-2 (SC)
4695;FARMACIA DANIVERO (MONTERO)
4696;FARMACIA BIO - FAR jiret (SC)
4697;FARMACIA JESUS DE BELEN (SC)
4699;COFISAGRO S.R.L. (EX-DIREMIG) (SC)
4700;FARMACIA DIOS CON NOSOTROS (LA GUARDIA)
4701;FARMACIA VIGABRIEL (SC)
4702;FARMACIA LOS ANGELES L. (WARNES)
4703;FARMACIA MI-MED (SC)
4704;FARMACIA JIRETHMLAZARTE (SC)
4705;FARMACIA MITFARMA (SC)
4706;FARMACIA ECONOFARMA (SC) 
4707;FARMACIA SAN FRANCISCO MERCADO (MONTERO)
4708;FARMACIA ECONOMICA - M (SC)
4709;FARMACIA LIMONCITO (EL TORNO)
4710;FARMACIA NI—O DE JESUS DE COTOCA (SC)
4711;FARMACIA PHARMACIE (SC)
4712;FARMACIA CATEL I.L.
4713;FARMACIA SUAREZ 
4716;FARMACIA FARMA DEL
4717;FARMACIA ALEXXIA F & E
4718;FARMACIA GISELA S.S.
4719;FARMACIA LA FE
4720;FARMACIA LUNA
4721;FARMACIA ECOLIFE
4722;FARMACIA SANCHEZ
4723;FARMACIA GINEBRA
4724;FARMACIA FARMABELA
4725;FARMACIA SANTIAMEN
4726;FARMACIA 365
4727;FARMACIA FARMAVALERY
4728;FARMACIA ARROYO Y ARANCIBIA
4729;FARMACIA REDFARMAS
4730;FARMACIA A&M
4731;FARMACIA EDEN
4732;FARMACIA FARMALIRA
